reviews,classify
????? ???????,1
Excellent,1
???? ???? ? ????? ????,1
???? ??? ????? ??? ????,1
?????? ????? ???,-1
???? ?????????? ????,1
???? ???,1
?????? ????? ?????? ??? ???,1
??? ???? ???,1
??? ???? ????,1
?????? ???? ??? ???? ??? ????? ??? ???,1
??? ??? ???,1
??? ???? ?????? ??????,0
????? ??????? ?? ?????? ???? ??? ??????? ????? ???,1
Perfect,1
Its wowww,1
??????? ?????,0
"very good leather, but not for rubber",0
????? ???,1
????? ?????,0
?? ???,1
???? ???,1
It’s good,1
???? ???? ????? ??? ????,1
????? ???,1
?????? ???? ???? ??? ????? ????? ???,1
????? ???? ?????,1
???? ????,1
?????? ?????? ?????,1
????? ??? ??? ??? ??? ?? ?????? ???? ????? ???? ? ?? ???? ??? ??? ???? ???? ?? ???? ????,1
???? ??? ????????? ??????,1
Good style and material,1
??? ???,1
?????? ?????,1
??? ???? ??????,1
Perfect,1
???? ????? ????? ???,1
????? ????? ???????,0
Helwa awiii,1
???? ????? ???,1
????? ????,1
????? ?? ??? ?????? ???,-1
?????? ?????? ???? ?? ???? ??????? ???? ????? ????,-1
??? ???? ?????? ????,0
???? ????? ???,1
?? ???,1
???? ? ?????,1
????? ?????,1
???? ????? ?????,1
???? ??? ??????? ?????,1
???? ??? ?? ????? ??????? ?????? ????,1
??? ??????? ????,0
???? ??? ??????,1
?????? ?? ??? ???? ??????,-1
??? ???,1
??? ???,1
??? ??? ?? ????,0
???? ??? ?????,1
?? ?????? ???? ??????? ????? ??,1
Gd quality & finishing,1
Good material,1
Good quality,1
???? ???? ? ??? ? ???? ????? ?????,1
????? ??? ?????? ?????? ???????? ???????,1
??? ?????? ? ???? ???,1
??? ?????? ????? ???? ????? ???????? ???? ???? ??? ??? ???? ??????,1
????? ?? ????? ????? ???,1
??????? ?? ??? ??????? ???? ??? ???? ??????? ??? ??? ???? ????,-1
???? ??????? ??? ?? ????,1
????? ????? ?????,1
???? ??? ? ????? ? ?????? ?????,1
???? ??? ???? ??? ? ?????????,1
????? ?????,1
??? ?????? ?????,1
???? ?????,1
??? ?? ????,0
??? ???? ?????????? ???????? ??????,1
???????,-1
????? ?????? ????? ???? ??? ????? ????? ???? ???? ?? ??? ??? ????. ???? ?????,-1
?? ???,-1
???? ??? ???,1
????? ??? ?? ??? ?????? ??????? ?????? ????,1
As good as expected,1
"the real boot is not realy like the photo ,material is good but the finish is not so good . It looks like the glutinous is not good",0
???? ????,1
??? ?????????? ?????,-1
???? ????? ????,1
?? ?????? ?????? ? ????? ?????,1
???? ???,1
"???? ?????? ??????? ??? ????? ???? ??? ???? ??????? ?? ???? ???? ??? ??? ???? ??? ????? ?? ????? ??? ?? ????? ??????? ????? ???",1
?????? ????,1
???? ???,1
???????,1
its check,1
??? ??? ?????? ???? ?????? ????,1
??? ???? ? ??? ??? ???????,1
??? ???,-1
"?? ???? ???? ?????? 100 ? ?? ??? 
??? ?? ??? ??????? ??? ?? ?????? ?? 800 ? ??? 100 ???? ??? ??????? ????? ???? ????? ??? ?? ??? ???? ???? ??? ???????",-1
????? ???? ???,1
??????,1
????? ???? ?????,1
?? ??? ??,1
?????? ???,1
It can live for a couple of months,0
??? ??? ??? ???? ??? ??????,1
??? ???? ? ???? ???,1
??????????? ?????? ???? ????,0
?????? ?????????,1
??? ??? ??????? ????,1
???? ????? ?????? ????,1
???? ??????,1
??? ???,1
Good for price,1
"??? ??? 

??? ???",1
??? ???,1
??? ???,-1
??? ???,1
??? ????? ?????,1
???? ??????? ????? ? ????? ???,1
?? ????,1
"??????? ?? ?? ????? ??? ????? ???? ????? ?? ????? 
?? ?????",1
?????? ????? ????,1
???? ??? ?????? ???? ?? ???? ???? ???? ???? ???? ???? ?? ?????? ?????,1
??? ??? ??? ??,1
Quality suits the price??.. But should be a little more stronger,0
????? ????? ?? ??? ???? ???? ?? ??? ???? ???? ?? ?????,0
????? ??????? ?????,0
??? ??? ???? ?? ?????? ???? ??????? ?????? ??????,1
???? ?????,1
Size and material exceeded my expectations in a very good way,1
Amazing,1
Good nice,1
?????? ? ????????,1
???? ???? ?????? ??? ?????,1
"???? ??? ?????? ?? ????? ???? ???? 
??????? ????? ???? ???? ?????",1
??? ???,1
??? ??? ?????? ????? ????? ????? ????? ??? ????,1
? ?? ????,0
"?????? ????? ?? ?????? ???????? ?? ????

?????? ????? ?? ?????? ???????? ?? ????",0
???? ??? ???? ????? ???? ????? ?? ??????,1
??????? ????,1
??? ??? ??????? ????? ????? ?? ?????,1
???? ???,1
???? ??? ???,1
It's amazing ????,1
All the things,1
???? ?????,1
?????? ????,0
?????? ??????? ? ?????,0
?????? ?? ???? ???? ?? ????? ?????,0
????? ??? ?????,0
"????? ?????? 
?? ?????? ?????? ???? ??? ???? ???? ??? ??????? ?? ?? ?????? ??? ???? ???? ???? ????? ??? ?? ????? ????",1
????? ???? ???? ?????,1
??? ??????? ?????,1
???? ??? ??????? ?????,1
?????? ?????,1
The quality is very cheap and the size isnot accurate,-1
???? ??????? ????? ?? ?????,1
??????? ?? ??? ???? ?????? ??? ???,0
?????? ????? ?? ????? ??????? ? ??? ??? ????,0
???? ???,1
???? ??????? ?????? ? ???????? ?????,1
???? ??? ???? ???? ?? ????? ???????? ?? ???? ???? ??? ?? ??? ???? ?? ???,1
"???
??????",1
?????? ????? ???????? ??? ??? ???????,1
???? ?? ???? ????? ???? ? ?????? ??? ??? ????? ?? ???,1
??? ???,1
????? ???,1
"??? ???? ???? ??? ????? ???? ????? 
??? ???? ?????? ???? ???? ???? 
????? ?? ????? ????",1
???? ?????,1
???? ?? ????,1
??? ????? ??? ?? ??? ???? ??? ??? ?? ??? ???????,1
???? ?? ??? ?? ??? ???? ????,-1
?? ?? ???? ????? ???? ???? ???? ????,-1
?????? ??? ?? ????? ? ??? ????? ??? ??????,0
???????? ???????? ?????? ?????? ??? ?????,0
?????? ???? ??? ???? ????? ?????? ???,0
???? ??,1
??????,1
??? ?? ?????,1
?? ???? ?????,1
??????? ????? ?????,1
????? ??? ????,0
????? ???,1
??? ???,1
??? ????? ??????,1
??? ??? ??????? ?????,1
??? ????? ?????????,-1
?????? ???? ???,0
????? ??? ?????,0
????? ??? ??? ?????? ???? ???,1
??? ?????? ??????,1
???? ????? ???,1
???? ???? ?????? ????? ? ???? ??? ? ?????,1
?? ??? ????? ???? ???? ?????... ??? ???? ????,1
?????? ?? ?????,1
Not very good,0
???? ?????? ????? ?????,0
?? ??????? ???? ???? ???? ???? ??? ??????,1
????? ???? ???,1
???? ??? ????,1
??????? ???? ???,1
??? ?????,1
??? ??? ??????,1
????? ??? ???????,0
??? ??? ?? ??,1
????? ????? ???????,1
????? ??? ????? ??? ????? ????,1
????? ??? ?? ????? ??? ?????? ? ??? ? ?????? ????? ????,0
???? ? ????? ?? ?????? ???? ????? ???? ????? ?????,1
????? ??????,1
???? ???,1
??? ??? ???,1
???? ?? ?????? ?? ???? ???? ?? ?? ?????? ?? ???? ? ????,1
????? ??????,1
The boots ripper before even using it,-1
????? ???? ???,1
???? ????  ?????,1
??? ??? ???? ?????? ????? ?? ?? ???? ????? ???? ???? ????,1
???? ???? ?????,1
????? ???,1
????? ???,1
???? ?? ????? ?????? 100 ? ??? ??? ????,1
????? ????? ??????? ?????? ??????????? ?? ????,1
??? ??? ?? ????? ????? ??? ????? ??? ????? ????/ ?? ???? ?????? ?????? ?? ????,1
??? ? ???? ???? ????,1
??? ??????? ?????,1
??? ??? ??? ????? ?????? ???? ?? ???? ??? ????? ???? ??? ??? ????? ?,1
??????? ??? ???,1
??? ???? ???? ?????? ???? ???? ??? ???????,1
?????? ?????,1
??? ??? ?????? ??? ?? ?????,1
???? ???,1
???? ?????? ?????,1
????? ?????,0
??? ???? ??????? ?????,1
????? ????? ????? ???? ??? ????? ?? ???????,1
????? ?????? ??? ???,1
????? ? ????,1
"???? ?????
????? ?????
????? ???? ???",1
??? ? ????? ??? ???,1
????? ?? ??? ??????,-1
????? ?????,1
???? ?? ?????? ??????,1
"It suits work day, comfy & quality is nice",1
????? ???? ???? ????? ?? ??? ?????? ?????? ???? ??????? ????? ???,1
??? ????? ??? ???? ?????? ????? ?????? ???? ?????,1
????? ?????,1
??????? ?? ????,-1
??? ?? ?????,1
???? ??????,1
??? ???,1
They're amazing according to the price!,1
Good material,1
??????,1
Very Good,1
??? ??? ?? ??,1
???? ??? ?? ?? ???? ????,1
?????? ????? ???,1
???? ????? ?? ???? ??? ???? ??? ???? ???? ????? ??????? ????? ?? ??? ???? ???? ????? ? ???? ?? ??? ???? ? ????? ??????,1
??????,1
?????? ????? ??? ?????? ?????? ???? ?????? ????.. ????? ???? ???,-1
"??? ??????? ?????
??? ???.????? ??????.?????. ? ??????.???????.????. ????.???.",0
????? ???? ??? ? ?????? ????,1
???? ???,1
???? ?? ????? ?????? ???,-1
???? ???,1
??? ?????,0
??? ???,1
?????? ????,1
?????? ?????,0
??? ????? ???? ??? ????? ? ??? ???? ????? ??? ????,1
?????? ????? ? ?????? ?? ??????,1
???? ?? ?????? ?????,1
It's very comfortable????,1
?????? ??????,1
?? ???? ????? ?????? ????,1
?????? ????,-1
???? ?????,0
?? ??? ??????? ? ????? ?????? ??? ???? ????? ?????? ????,0
????? ??????,0
????? ?????? ?? ?????,0
??????? ?? ???? ?????,0
??????? ????,-1
??? ?? ?? ??? ??????? ???? ?? ????? ????? ????? ?????,1
???? ?????,1
???? ?? ????? ?????,1
Good material,1
???? ??? ??? ? ???? ?????,1
????? ????????????????????,1
???? ???? ????? ???,1
Very good,1
Good material but colors are different from photo,1
????? ??????,1
????? ???,1
?????? ?????? ??????,1
???? ????? ??? ???,-1
?????? ??????,1
V.good,1
"?????? ?????
 ???? ???? ??? ?????? ????? ????? ???? ?????? ??????",0
??????? ?????? ????? ?? ??????,1
???? ? ????..,0
Good colors but the material is a little light,0
?????? ???,1
?????? ??????? ??????,1
Very reasonably priced. Love the colors. Fabric is soft.,1
?????? ???? ??????? ?? ?????,-1
??? ????? ?????? ??? ????? ?? ??????,-1
??? ????? ?????? ??? ????? ?? ??????,-1
Good value,1
??? ?? ???,1
??? ?? ?? ????? ?? ????,1
?????? ????????,1
?? ?? ???? ????,0
???? ??? ???? ??? ????,0
???? ??? ???? ??? ???????,-1
"I got 2 sizes with 2 different fees, and they all are the same size",-1
?????? ??????,1
Good quality,1
????? ??? ??? ?????? ????????,1
It's perfect for women,1
???? ? ????? ????? ??? ???? ? ??????? ????? ??????,1
??????? ?????? ????,0
???? ???? ???? ????? ????,0
Material is not good,0
????????,0
????? ??????? ????,1
?? ??? ???? ?? ????? ??? ?? ????? ?? ??? ??? ???? ??????,1
??????? ?????,1
??? ??? ????? ????? ???????? ?????,1
??????? ????? ??? ??? ??????? ???? ? ??????,1
????I like it,1
Good material and good size with beautiful colors loved them,1
?????? ??????,0
"??? ???

??? ???",1
???? ???? ???,1
???? ?????? ???? ??? ???? ??? ?? ?????? ??????? ????? ????? ??????? ????? ???? ???? ?????? ?????? ???? ???? ?? ????? ??? ?????? ????? ?? ????? ????? ?????? ??? ??? ??????? ????? 24 ???? ??????,-1
?? ???,-1
"????? ???? ???? ?? ?????? 
??????????????",-1
?????? ?? ???.. ?? ??? ?? ??????? ???? ???? ?????? ?????.. ??????? ????? ????? ??????? ??????... ???? ????? ????? ??? ??? ????? ???????? ?????,-1
????? ?????? ???????? ????,1
Good for its price,1
better material,1
??? ???,1
????? ????? ?????? ???????? ?????? ??? ??? ????? ?? ??????,-1
????? ???,1
?????? ????? ??? ?????,1
?????? ????? ??? ?????,1
The colors is no do good,1
??? ????? ???????,1
Their colors are the most nice thing about them,1
????? ????? ? ?????? ????,1
?????? ????? ????? ???? ???,1
El 2lwan 7lwa,1
??? ?? ?? ????? ?????? ?????,0
Amazing,1
Very good quality,1
????? ???,1
???? ???,1
??? ???,1
????? ????? ?????? ???? ??? ??????? ??????,1
?????? ????,1
??????? ???? ??????? ?????,1
???? ?????,1
??????? ??? ?????? ???????  ?? ??? ????,0
????? ???,1
??????,1
????????????,1
???? ????? ??? ?? ???? ??,-1
"??????? ???? ??????? ????? ??????? ???? ???? ??? ???? ???? ???????? ?????",-1
??????? ??? ?????? ???????? ?? ??????? - ?? ???? ??? ??????? ??????? ?????????,-1
??? ????? ??????? ??????,1
????? ??????? ?????,1
????? ???? ???? ??????? ?????? ?????? ????? ???????? ?????,1
????? ???? ???? ??????? ?????? ?????? ????? ???????? ?????,1
????? ????,1
??? ???,-1
?????? ????,1
????? ??????? ?????,1
???? ????,-1
Very bad finish and quality,-1
?????? ???? ? ??????? ???? ? ?????? ????,-1
??????? ???? ??? ?? ?????? ????? ????,1
???? ???,1
Loved it,1
???? ?? ??????? ?? ?? ???? ? ?????? ??? ???? ??????,0
??????? ?? ????,0
I liked it,1
?? ??????? ????? ????,0
?????? ???? ?????? ???,1
???? ??????,1
???? ????? ?? ???? ???? ? ????? ???? ????,1
??? ??,1
???? ?? ????,1
?????? ????,1
?????? ?????,1
??????,1
????? ????? ? ?????? ?????,1
???? ??? ?????? ????? ??????? ??????,1
Very bad quality,-1
???? ???? ??? ?? ????? ???? ????? ???? ????? ???? ???,-1
????? ??? ??? ?????,1
Material tuhfa,1
???? ????? ??????? ?????,1
?????? ????? ???,1
"???? ?????? ???? ?????? ??????? ??????? ?????? ?????? ?? ??? ???? ??????? ?????? ??? ?? ??? ??? ??? ??? ?? ?????? ??? ???? ??????? ???? ???? ?? ????????? ???? ??????? ???????? ???????? 
??? ????? ??????",-1
?????? ??? ????? ????,1
???? ?????,-1
????? ?? ???? ???????? ??????,-1
???? ???? ??????,1
???? ????? ??? ? ?????? ????,1
????? ?????,1
??????? ?? ?? ????? ?????,0
?????? ???? ????,0
"Good quality, reasonable price absolutely love it ??",1
???? ???,1
?????? ??????? ????? ???,1
???? ????? ??? ???,1
??????? ????? ??????,1
?? ???? ???? ????? ????,-1
???? ??? ?? ?????,0
????? ???? ?? ?????? ??????,1
"?????? ?? ??????? ?? ????? ??? ????????? ???? ?? ???? ???? ??? ??? ???? ????? ??? ? ?????",0
?? ??? ??? ?????? ???? ??? ?? ????? ?????,0
???? ???,1
?????? ??? ? ?????? ????? ? ???????,1
????? ?????,1
????? ??????,0
???? ?? ?? ??? ???????,0
??? ?? ???? ??? ??????? ?? ??????,0
?????? ????? ????? ???,1
???? ????? ???????? ????,1
????? ?????? ??? ????? ?????.. ???? ?????.. ???? ?? ????? ?????..????? ???,1
?????? ??? ?????,1
???? ??????? ??????? ????? ????? ???,1
?????? ????,1
Comfortable and affordable quality,1
????? ????? ??????,1
??????? ?? ?? ?????? ?? ?? ????? ? ?????? ?? ???,1
Nice quality,1
???? ???? ???,1
?????? ?????? ??????? ?????? ?? ???????? ???????,1
?????? ?????? ??????? ?????? ?? ???????? ???????,1
it's a good deal with that offered price,1
????? ?????? ?? ?????,1
???????? ????,1
?????? ???? ???? ????? ???? ??? ?? ???? ?? ??? ???????,0
?????? ????? ????,-1
?????? ????? ????,-1
???? ????,1
??? ?? ????,0
"Very light material, see-through",-1
???? ?????,1
??? ???,1
?? ??? ?????? ?? ????? ?????,1
??????? ????,1
???? ????? ???? ?????? ??????,1
?????? ????,1
Perfect,1
Nice and fit,1
???? ??????? ????? ????,1
??????? ?? ???? ????,1
?????? ???? ???,-1
???? ?????,0
???? ??????,1
????? ???? ???,1
??? ????? ?????,1
???? ????? ? ??? ????? ?????,1
????? ??????,-1
???? ????,-1
?????? ???? ???,-1
???????? ?? ??? ?????? ????,-1
El quality 7elwa,1
I love it,1
??????? ????? ??????? ?????  ??????? ?????,1
????? ?????? ????? ?? ?????? ?????? ??? ???,1
?? ???? ?? ???,0
??? ???? ???? ????,0
??? ???? ???? ????,0
The colors and the material,1
????? ?????,1
"?????? ???? ? ???? ? ???????",1
???? ????? ???????? ???? ??? ???? ????,1
"????

???? ???",1
????? ?? ?? ??????? ??? ??? ????? ???? ?? ??????,1
?????? ????? ???????? ????? ??,1
????? ??????,0
????? ???,1
Colours are amazing.. material is good.,1
???? ???,1
Color are so good,1
???? ?? ????? ?????? ?????,1
????? ????? ??????,1
?????? ????????,0
?????? ???? ? ??? ??? ?? ??? ????? ????? ?? ??? ? ????,1
???? ??????,1
???? ???? ?????? ??????,1
Very good,1
????? ?????,0
?????? ????,1
????? ???? ???????? ????? ????,1
"??????? ???????? ????? ?????
??? ???? ?? ???? ?????? ??? ????? ?? ?????? ???? ?????? ??????? ????? ?????? ????? ????? ??? ??? ???",1
???? ????? ????? ?????? ????? ??? ???? ???????? ?????,1
Nice colors and good quality,1
It’s perfect already,1
Use a better quality,0
?????? ????? ???????? ???? ??? ??,1
?????.......,1
Good quality,1
???? ???????? ???? ???,1
?????? ????????,1
good quality and nice variable colors,1
????? ?????? ?????? ??????? ????? ????? ?? ??? ???????? ?? ??? ??????? ??????,-1
?????? ???,1
????? ??? ??? ???????? ?????,1
????? ?????,1
nice and very good,1
???? ????,1
??? ??? ? ????? ?????,-1
very bad material,-1
???? ??? ??? ??????? ?????,1
?? ?????? ?? ???? ???? ?? ???? ???? ????? ?? ?????? ????? ??? ?? ??? ???,1
??? ???,1
??? ?? ????? ??? ?? ???? ????,1
?? ??? ????,1
???? ????,1
Colors and fabric,1
??? ???,1
"Very good material, cotton  and color ???? ???? ????",1
WOW that's awesome ????,1
???? ?????? ??????,1
???????? ???? ????? ??? ??? ???????? ??????? ???? ????,1
??? ??????,1
???? ???,1
?????? ???????? ???? ???? ??????? ?????,1
??????? ????,1
Very good,1
????? ??????,1
????? ????? ? ????? ??????,1
?????? ??? ??????,1
????? ?????? ????,0
???? ???????,0
???? ???? ?????? ?????,1
????? ??????? ? ?????? ?????? ?? ???? ????? ??????? ??????? ??????? ? ??????,1
?????? ????? ?????? ???????? ??????,1
I love it’s colors it 100% polyester,1
"Great material and REALLY fast shipping, IN LOVE",1
?????? ??? ??? ?????? ?????,1
?????? ????,1
Perfect??????????,1
?????? ???? ???????? ?????,1
Good according to the price,1
????? ???,1
?????? ???,1
???? ?????? ???,1
????????,1
????? ??????? ????,1
?????? ???? ??? ??????? ?????? ?? ??????? ??? ???? ??????,1
?????? ???? ???,0
Good but not an excellent one,0
Good but not an excellent one,0
Good but not an excellent one,0
????? ???? ? ?????? ????,1
???? ???? ??? ???? ?????,1
???? ???,1
??? ??? ? ????,1
???? ??? ??,1
Thank u,1
????? ??? ?? ??? ???????,0
???? ???? ??????? ????? ?????,1
???? ???????? ???????? ??? ????,1
......,1
?????? ??? ? ??????? ????,1
???? ????? ????,1
comfortable,1
???? ???,1
??????,1
???? ??? ??? ???,1
"??????? ??????? ? ?????? ??????",1
??? ???,0
???? ????,-1
???? ?????? ????? ?????,0
???? ??? ?? ?????,1
Socks color is not as the picture and the material is polyester,-1
Comfortable and colourful,1
The quality is perfect but the colours are different,0
???? ??????,-1
Quality,1
??????? ?????? ????? ???????,0
Replace it with more quality than before,-1
??? ?? ?? ???,1
Good material,1
??? ???? ??? ?????? ??? ??? ??????? ???? ????? ?????? ?? ???????,1
????? ????? ???? ???? ?? ????,1
????? ????? ???? ???? ?? ????,1
??? ???,-1
???? ?????? ???,1
???? ? ????? ???,1
??????? ???? ??? ???????? ?????,1
Good price for all of it,1
????? ???? ?????,1
They are not the same color as the picture but it’s affordable price and the material is polyester so it’s not a good material for socks over all its not good and not bad,0
???? ?? ??? ??? ??? ?? ??? ????????,0
????? ?????? ????? ??????,0
????? ?????? ?? ?? ???? ???? ?? ??? ???? ?????,1
?? ??? ???????? ?? ?????? ????? ???? ????? ???? ??? ????? ?? ????? ?????,1
???? ???? ???,1
???? ???? ???,1
??? ??? ??????? ????,-1
Very good,1
Not same colours but very good,1
The material is light,0
Good for the price,1
Nice material and perfect colors,1
Don't repeat the colors,1
?? ???? ????,0
??????? ????? ???? ???? ??? ???? ?????? ?? ???? ?? ??? ???? ? ??????? ?????? ????? ? ?????,0
???? ?????? ???? ????? ??????? ?? ??????,1
???? ???,1
????? ??? ???,1
Beautiful colors,1
????? ??? ? ??????? ????,1
??? ????,1
?????? ???? ??? ???????? ?????,1
The material is very good,1
Not the same colors and very bad material,-1
"The material is ok compared to the price
The colours are repeated a lot I have 4 pink 4 green and 3 light green",0
?? ???? ????? ?????,-1
????? ????,-1
????? ??? ??????,1
???? ????? ?????,-1
???? ?????? ???? ?????,1
????? ????? ?????? ????,1
"Got the same pack of colors twice, but they have good material",1
"Colors are different than the pics , very bad material",-1
???? ???? ??? ?? ??? ???????,-1
Accepted product great price,1
??????? ????? ??? ?????? ????? ??? ?????? ???? ???????,1
"Not best quality, material with and finishing, but for the price its ok",0
"Not best quality, material with and finishing, but for the price its ok",0
??? ???,1
Very bad quality and smell.,-1
Good quality for this price,1
?????? ???? 49????? ?? ??????? ??? 75?????? ?? ???????? ?????? ??????? ??? ????? ???? ????? ???? ????? ???? ????? ?? ????? ???????? ????? ???? ??? ??? ???,-1
?????? ????? ????? ????? ?? ?? ???? ???,-1
?????? ?????? ??? ? ????? ? ??????? ????? ???,1
The colors are not the same as the picture. The socks have really bright colors and the material is thin,0
??????? ?????,1
I like that they are a lot but they are not from cotton so in hot weather it doesn't absorb sweat,0
??????? ????? ? ?????? ?????? ???,1
?????? ???? ???????? ???? ??? ??,1
"Goid deal, multi colors. As described.",1
Cheap easy work but good for summer.,1
???? ???,-1
???? ???? ?????? ????? ????? ???????? ?? ????? ?????,-1
????? ????,1
?? ????? ?? ???????,0
???? ?????? ?????? ?? ???? ?? ????,0
???? ???? ???? ???,1
????? ???,1
???? ?? ???? ?????? ????? ????? ???? ??? ????? ?????,-1
Very nice,1
"Excellent fast shipping, AMAZINGLY amazing product with colorful pairs and high quality and almost for nothing ""LOW COST""

LOVED THEM, LOVED THEM, TOTALLY LOVED THEM ?

#RECOMMENDED",1
??? ?????,1
"Material is very bad , smell is disgusting",-1
???? ??? ???? ??,1
??????? ?????? ?? ?????? ??????? ???? ??????,-1
???? ????? ???? ???,1
So comfortable,1
Thanks for fast delivery,1
?????? ?? ????? ???,1
????????? ????????,1
Good material but I don't like the colours at all,0
?????? ?????? ? ?????,1
Good quality and good price,1
good material,1
Very good,1
??????? ???? ??????? ??????,1
?????? ???????? ???? ??? ?? ???????.. ??????? ???????? ?? ?? ????? ?? ????? ?????,1
The material us a bit thin but it’s really comfy,1
?? ???,-1
???? ?????,0
???? ?????,0
As a value for money perfect but quality is very bad,-1
?????.???.?? ??? ?? ???? ????? ?????,1
Very good product and colors,1
"Not as described, they are not cotton and also different colors",-1
????? ???? ????? ??? ?????,1
"?????? ????? ???? ???? ? ?????
??????? ? ????
??????? ?? ?? ????? ?? ??????? ?? ??? ????.. ??? ??? ?????? ????? ???????? ????? ???? ?????? ??????.. ?? ??????? ??.",1
So thin... easily torn from my toes...yet they r cute,0
?????? ??? ??? ??????? ??????? ????? ?? ????? ???????.,1
???? ????? ???? ??,0
Good material,1
????? ???????? ????,1
It is ok. Thank you Jumia team :),1
??????? ????,1
"?????? ????. ????? ????? ????? ??????? ????? ?????? ?????
???? ?????",1
???? ??????? ?????? ????? ?????? ????,1
??????? ???? ??? ????? ??????? ?????? ???,-1
??????? ?? ?? ?????? ???? ??? ??? ????,1
Good but not the same color,1
?????? ????? ??????? ?????,1
??????,1
colors are very different and bad and the socks size is very big,-1
???? ???? ?????? ??????,1
Very good,1
Good but not the same colors,1
??????? ????? ??? ?? ????????? ?? ????,1
Suitable,1
???????? ???? ???? ?? ??? ????? ????? ???,1
"They are good, but not the same colors.",1
??????? ?????? ????? ? ???? ? ?????? ???? ???,-1
????? ????? ??????? ???? ???? ???? ?? ??????,-1
???? ????? ? ??????? ????,1
Good different colors,1
??? ???,1
??? ??? ???? ?????,1
????? ????? ??? ??? ???,0
??????? ????? ?????? ?? ?????? ??????? ??? ?? ?????,0
???????,0
???? ???,1
??????? ?????,0
??? ??????? ?????,0
Poor quality and not like the photos,-1
???? ???,1
??????? ?????? ????? ?? ?????? ??????? ????? ??????? ?????,-1
??? ???,1
??? ???,-1
Big size,0
???????,1
??? ??????,1
so bad,-1
???? ???? ???? ???? ???,-1
The quality is not the best,0
?????? ????,-1
?????? ????,-1
????? ???? ????? ????? ???,1
Material is perfect but not the same colors as in the photos,1
???? ???? ????? ??? ???????? ????? ????? ????? ?? ??????,1
????? ???????,0
Not cotton,0
This soft,1
Very good,1
Improve the quality,-1
??? ??????? ?????,1
???? ???? ?? ??????? ?????? ????,1
"Came with totally different colors and really bad material.. nothing like the picture
Not recommended at all",-1
very bad quality... I have received totally different colors. I would not recommend it,-1
When i walk i remove and so thin,-1
It make my feet smell so bad,-1
?????? ?? ??? ????? ???? ?????? ???? ??? ??? ??????,-1
??????? ???? ??? ?? ????? ??????,1
????? ?? ??????? ?????,1
???? ?? ??? ???? ??????,1
??? ?????? ???,1
????? ??? ??? ? ?????? ????? ... ?? ??????? ????? ?????,1
Nothing like the picture,-1
Check quality and item colors,-1
?? ???,0
?????? ???????,1
??????? ?????? ????,0
?????? ???????? ??????,1
???? ??? ????? ????,1
?????? ?????,0
???? ???? ??? ?????? ?????,1
??? ??? ????,0
????? ???,1
??????? ??? ?????? ????,-1
?????? ?? ???? ???? ?????? ??? ?????? ??? ????????  ?? ?? ?????? ?????,-1
????? ?????? ?????? ?????,1
"Not the same colors as the picture 
They are the same three repeated colors",-1
???????? ????? ????,0
???? ??? ??? ? ??????? ????,1
????? ?????? ?????? ?????,1
??????? ???? ??? ??????.. ??????? ????? ?????? ????? ??????? ???? ?? ?????? ?????...,-1
??????? ?????? ?????? ???? ???? ??????? ??????,0
????? ??? ?????? ????? ???????,-1
Not a good brand and poor quality,-1
"?? ??? ?????? ??????? 100%? ???????? ?????? ?????? ??? ??? ?????? ???????? ?? ?? ??? ???? ???? ????? ????? ????? ???? ?????. ????? ?? ?? ????? ??? ????",-1
"the colors in the pictures are definitely not the colors of socks I got, but they're okay, true to number, a lot of socks for a really cheap price :)",0
Wow amazing,1
diffrent colors but good,1
"Good quality compared to the quality. Similar to those that are sold in metro, random colors",1
Not cotton but the amount and colors are great for price,1
??????? ? ????????? ? ??? ??? ??? ??????,-1
????? ??? ?????? ???? ??????? ????? ??? ??????? ???? ????? ??,-1
Good product,1
??????? ????? ?????? ??? ??????? ????? ?? ?? ???? ???? ?? ???????,1
?????? ???? ??? ?????? ???? ?????? ?? ?????,-1
????? ?? ?? ?????? ???????? ????? ????? ?????? ??? ??? ?????? ???????,-1
??????? ???? ???? ???? ?? ?????? ????,0
????? ??? ?? ??? ??,0
??????,1
?????? ?? ???? ?????? ???? ? ?????? ????? ??? ? ????? ?? ??? ????? ? ???? ????? ? ????? ???? ???? ????? ?? ?????? ?? ????? ? ????,-1
??????? ???? ???? ???? ????? ???? ????? ???? ??? ????? ?? ????? ?????? ???? ? ?????? ???? ??? ???? ???? ???????? ??? ??????? ???????,0
???? ????,-1
Good price,1
?????? ????? ?? ?????? ???? ??? ??????? ??? ?????? ???? ????? ????? ?????? ??? ???????,-1
"Material is good, but size is big to be in one size only",0
???? ???? ????? ??,0
???? ????? ???? ?? ?? ???? ?????? ????,0
?????? ???? ??????? ??????,0
????? ???,0
"The material is not very good ,its not cotton",-1
??????? ???? ??? ????? ?????,1
???? ??? ???????? ??????? ????,1
??????? ?????? ??????? ??? ??????? ?????,1
????? ?????? ? ???? ???? ????,1
"??????  ?? ?? ??????? ????  ? ??? ? ???? ????? ????? ???",1
????? ???? ?????,0
"Note same product , cheap product with different colors",-1
???? ???? ???????,1
???? ????? ?? ???? ????,1
Poor quality,-1
?????? ???? ?????,1
Very good,1
???? ???? ???? ????,1
???? ???? ???? ????,1
???? ??? ??????,1
???? ??? ?? ????,0
??? ???,1
????? ???? ????? ???,1
?????? ???????,1
????? ???? ? ???? ???,1
??? ????? ???? ???? ????,1
???? ???? ???????????,1
material,1
?????? ??? ??????? ????,-1
?????? ???? ??? ??? ???? ????? ????? ???? ?? ??? ????? ???? ???,-1
????? ???,1
"???? ???? ???? ??? ?? ? ???? ???? ?? ???? ??? ? ????? ????? ????? ???? ??? ????? ?????? ?? ?? ?? ????? ??? ? ????? ???? ????? ????? ? ??? ? ?????? ?? ????? ???? ???? ?? ???? ?????",1
????? ??? ???,1
???? ????? ? ?????? ????,0
??? ???,1
very good design,1
???? ?????,1
?? ????,1
???? ????? ???,1
???? ??? ?????,1
????? ????,1
???? ?????? ?????? ???,1
??? ????,1
Perfect,1
??? ????? ?????,1
???????,1
But the size is bigger than the label,0
perfect and good material,1
Good quality,1
??? ????? ????? ??? ???????,0
?????? ???? ????,1
???? ???,1
???? ???? ?? ?????? ????? ????,1
????? ?? ???? ?????? ??????? ?? ?????? ???? ???? ?? ????? ?? ???? ????? ???? ???? ????,1
????? ?????????,1
???? ??????? ??????? ??? ???,1
????? ???? ???,1
???? ????,-1
"???? ??? ????? ?????? ??? ?????? ??????? ?????

???? ??? ????? ?????? ??? ?????? ??????? ?????",1
???? ???? ??? ??? ???? ??? ?? ????? ??? ???? ??? ????? ??????? ??????? ????? ??? ?? ???? ???? ???? ???? ?????? ???? ???? ??????,1
??? ???? ?????? ??????,0
Good material for price range,1
??? ??????? ?????? ?????,1
????? ???? ??????,0
??? ?????,1
???? ????? ????? ????? ???,1
"I love it very well ,Especially the leather",1
Booooor,-1
???? ??? ? ????? ???,1
???? ?????? ??????,-1
???? ????? ???,1
?????? ?????? ??????,1
?????? ??????? ?????,1
?? ????? ???????,-1
????? ?? ??? ?????,-1
??? ??? ????? ?? ??? ????,1
???? ??? ????? ?????,1
??? ???,0
Good product,1
???? ??? ??? ??????,1
I like it so beautiful,1
????? ?????,1
Peefect,1
???? ??????? ????? ??  ????? ??????? ????? ???? ?????,0
????? .,0
????? ???.,1
????? ????? ?  ????? ?? ?? ?????????? ? ???? ??? ?? ?,1
??? ??????? ?????,1
???? ?????? ????? ?????,1
???? ???? ?????,1
??? ??? ??? ????? ??? ????,1
"?????


?????",1
?????? ?????? ?????? ?? ?????,1
???? ?????? ?????,1
????? ??????? ??????,1
????? ???? ???? ???,1
???? ??? ?????? ????,1
???? ???? ?????,1
????? ?? ????,-1
Very bad,-1
?????? ????? ?? ???? ????,0
???????? ????? ? ????? ?????,0
?????? ??? ?? ????,0
???? ???? ?? ???? ???,0
???? ?????,1
Good item,1
?????? ??? ?? ?????,1
???? ???,1
?? ?? ??? ???? ???? ????? ???? ?? ??????  ?????? ?? ???? ???? ?? ???? ??? ????,0
????? ????? ????? ?? ?????,1
????? ??? ?? ????,1
???? ????,1
???? ??? ???? ???? ?????? ??? ???? ?????? ??? ?? ????,-1
Low quality,-1
????? ??? ? ???? ????,-1
Didn’t meet my expectations at all zero quality,-1
?????? ????? ????? ??? ??,1
???? ??????,0
???? ? ?? ?????,0
It can live for a couple of months,0
??? ??????? ?????,0
????.???? ??????,1
???? ?????,1
???? ???,1
?? ?? ???? ????? ???? ????? ?? ?????,1
Nice product,1
???? ????? ?? ?????,1
It's perfect and it's size is good but the accessories need to be a little bit longer,1
????? ???? ? ???? ???? ????? ???? ? ???? ??41 ? ????? ?? ?????? ???? ????? ???? ??? ?????? ???? ?? ?? ??? ???? ??41 ?????? ????,1
?????...,0
???? ??????,0
?????? ?? ???? ???? ?????? ????,0
?? ?? ???,0
?????? ?????? ??????,1
???? ??? ??????? ?????,1
???? ?????,1
??? ???? ????? ?????,0
????? ?? ???? ????,0
????? ???? ???? ?? ??????,1
???? ?????? ???,1
?????? ???? ??????? ?????,1
???? ?? ?? ????? ???? ???? ????? ??? ??? ????? ?????? ??? ???? ?????,1
????? ? ?????? ????? ?????? ?????? ?????,1
?????? ????? ????? ???? ?? ?????? ????? ???? ?????? ??? ???? ??? ??? ??? ?????? ?????,0
??? ?? ??????? ???? ???? ???? ???? ???? ?? ??? ?? ?? ?????? ????,1
????? ?????,1
????? ????? ??????,1
Magnificent,1
???? ??????? ?????,0
"???? ??? ????

???? ??? ????",1
?? ?????? ??? ???,1
???? ? ?????,1
??? ???,1
???? ?????,1
Double Nice,1
?????? ????? ???????? ??? ???,1
?????? ????,1
????????? ?????? ???? ???? ??? ????,1
??? ??? ????? ??? ???,1
???? ???? ???,1
?????? ??? ???? ??????,-1
???? ??? ??? ?????? ?????,1
???? ?  ?????? ??? ?????,1
???? ?????? ?????,1
????? ??? ??????? ????? ????? ??? ???,1
????? ?????,1
???? ?? ??????? ???? ????? ??? ??????,-1
???? ???,1
??? ????? ????? ?????,1
????? ???? ?? ?????? ?????,1
???? ????????????????,1
"???? ???  ?? ??? ?? ??? ???? ????? ???? ?? ????? ????",1
??? ???,-1
?????? ?? ?????,0
??? ?? ????,0
???? ???,1
?????? ??????,1
Only the color was not as expected,0
????? ??? ???? ??????? ??? ?????? ???? ????,0
"????

?????",0
???? ?? ????? ??? ???? ???? ?? ???? ???? ???? ?? ? ???? ????,1
??? ???,1
???? ????,1
?????? ??? ??????,1
???? ???? ??? ?????? ????,1
??????,1
??? ????? ???? ?????,1
??? ??? ??????? ????,1
??? ??????? ????? ? ???? ???,1
"???? ???? ??? ????? ????? ?? ?????? ????",1
??? ???,1
???? ??? ??? ?? ????? ????? ?????? ?????,1
????? ????? ???,1
??????,1
????? ?? ??? ?????? ????? ????? ????? ????  ??????? ?????,0
?????? ???? ??? ????????? ?????? ???,1
??? ????? ???,1
??? ??????? ?????,1
??? ????? ??????? ???? ??? ?? ???? ???? ???? ??????,1
??????????,1
???? ????? ????? ???,1
Poor quality and size is smaller than regular size,-1
?????? ???? ???,-1
???? ???? ???,0
??? ?? ????,0
????? ?? ?????? ???? ????,1
????? ?? ??? ?? ???? ??? ?? ????,1
???? ????? ? ?????? ???? ????,1
????? ????? ????,1
????? ????? ? ?????? ??????? ???? ? ?????? ??????,-1
?? ???,-1
????? ?????,0
???? ???,1
?????? ??? ?????? ??? ???,1
???? ???,1
??? ???? ???? ??? ???? ???? ??,1
????? ?????,0
???? ????? ????? ????,1
???? ???,1
?????? ?????? ???? ????,1
???? ??????,1
?????? ??? ??? ????? ??? ????,1
Comfort,1
?????? ????? ???? ????,1
?????? ???? ???,1
???? ??????? ?????,0
?? ???? ?? ??????? ???,0
???? ? ????? ?? ?????? ???? ????? ???? ????? ?????,1
????? ?????,1
??????,1
Gamedddd,1
???? ??? ? ??? ? ???? ???? ????? ?? ???? ????,1
?? ????? ???,1
??? ??? ????? ????,1
?????? ??? ?? ???? ????,1
??? ?????? ?????,0
?????????? ???? ???,-1
???? ????? ????? ?????? ????? ????? ????,-1
?????? ??? ???? ????? ?????,-1
"???? ?????  ???? 
??? ?????? ??? ?? ??????",1
??? ??????? ?????,1
?????? ????,1
???? ???,1
???? ??? ??? ??????? ???? ???,1
Perfect color and quality,1
???? ???,1
????? ?? ????? ???? ?????? ???? ??????? ??????,1
????? ???,1
???? ? ??? ???? ??????? ?????,1
??? ????? ?????? ?????,1
?????? ???? ????,1
???? ???,1
???? ??? ???,1
?????? ????? ? ?????? ?? ????? ??????? ?????,1
???? ? ??????,1
????????? ???? ??? ??? ?????? ? ?????? ?????? ???? ???,-1
??? ????,1
Nice price,1
Thanks Jumia,1
Gooood,1
"??? ??????? ?????
?? ?? ?????? ?????? ??? ????? ????",-1
?? ???,-1
????? ???? ???  ????? ????,-1
??? ???,1
?? ??? ????????? ?? ???????,1
"?????? ???? 
??? ??????? ???? 
??????? ??? ????",0
????????????,1
7lw gdan w mory7?,1
??? ???,1
Great deal,1
??? ?? ????,1
??? ?? ????? ??????? ???? ?????? ??????,-1
????? ?????,0
????? ?? ???????,-1
????? ??? ???????? ??? ?????? ?? ????? ???? ??? ??? ????? ???? ????? ????? ???? ???? ??? ???? ???? ?? ?????,1
??? ???,1
Much perfect,1
??? ???,1
??? ?? ??? ??? ?? ???? ??? ?????,0
??? ??? ?????? ????? ??? ????,1
????? ???,1
?????? ???? ??????? ?????,1
??? ?? ?????? ???? ???? ?? ?????? ???????,1
????? ?? ??? ???? ??????,-1
???? ???? ?? ??????,-1
???? ????,1
??? ??? ????? ????????? ???? ???? ?? ?? ?? ?????? ???,0
????? ??? ??????,1
Very pad quality,-1
????? ?????? ?????,1
"??????? ???? ???? ??????? ???",-1
????? ??? ??????,1
???? ??????,1
?? ???? ?????? ??? ?? ????? ?? ?????? ???? ?? ?? ??? ?? ??? ? ????? ????????? ?????,1
??? ??? ????? ???? ?? ????,1
????? ???? ???,1
????? ???? ??? ?????,1
Same as the picture,1
Very good,1
??? ?????,1
good material and well fit size ????????,1
??? ?????? ???? ?? ?????? ?????? ???? ???? ?????? ??? ?????? ??? ????? ??? ???,1
???? ???? ????? ???? ????? ??? ???? ??????? ??? ?? ??????,1
??? ????,1
all good,1
????? ????,1
???? ???,1
Good i liked it,1
??? ?? ????? ?????,1
???? ???? ? ????????????,1
????? ????? ?? ?????,0
??????? ?? ????,0
????? ?? ??? ????? ????? ?? ???,-1
Helw awii,1
???? ????? ?????? ??????,1
??? ???,1
???? ????,1
Bad finish,-1
???????,1
??? ?????,1
V.good product,1
?? ????? ?????????? ????? ????,1
?? ?????? ????? ???,1
??? ?? ???? ?? ????,-1
????? ?????,1
?????? ?? ???? ?????? ?????,0
??? ???,1
????? ???,1
???????? ??????? ?? ??? ??? ???? ??? ????? ???? ?? ?????,-1
???? ??? ?? ?????? ???????,0
Low quality,-1
??? ????? ??????? ?????? ????,1
???? ??? ??? ??????? ????,1
??? ???  ??????,1
???? ????,1
?????? ????,0
?????? ????? ?????,1
?? ????? ??? ??? ??????? ???? ???? ?? ???? ???? ??? ?? ????? ??????,1
??????,1
???? ????,1
??????? ?????,1
???? ??????? ?????,1
"??????? ?? ???? ?????
????? ?? ????? ???? ?? ???????",0
???? ???? ????? ?? ??? ??? ?? ????,0
???? ??? ????? ????? ?? ?????,1
?????? ??????,1
??? ??????? ?????,1
??? ??????? ?????,0
?? ???,-1
???? ????? ?????? ??,-1
????? ?? ??? ? ??? ????? ??????? ????? ?? ???? ? ??? ???? ????? ?? ???,-1
????? ??? ?? ????,-1
??? ???? ????? ?????? ?? ?????,-1
????? ???????,-1
????? ?? ?? ???????,0
?? ??? ???? ??? ??? ?? ????? ?? ????? ????? ?? ??? ??? ???? ?? ???? ????? ?? ??? ???? ??? ???,0
??????? ????? ??????? ??? ????? ??? ???? ??? ??? ??? ??? ???? ??? ?????? ??? ?????? ?????? ????? ?????? ????? ????? ??? ?????,0
????????,0
????? ???? ?? ???,0
????? ?????,0
????? ????? ???? ???? ????,0
?? ???? ??????? ?? ????? ???? ??????? ?? ???? ????? ???? ?????,0
Nice for its price,1
???? ????? ???,1
????? ??? ????? ??????? ?????,1
Very good,1
????? ??? ??????,1
??????? ????? ????? ????,-1
......,-1
????? ?? ???? ????,-1
?????? ?? ??? ??? ???? ??? ???,-1
It's so perfect I got what I ordered for plus the item is so lovely,1
??? ?? ????? ????????????,1
???? ??? ??????,1
??? ????? ?????? ?????,1
??????? ?? ????????? ?????,-1
?? ???,-1
??? ??? ????? ?????,1
???? ??? ? ?????,1
??????? ???? ???????? ??? ???? ??? ?????? ? ???? ???? ?????,1
Helww awyy kont khyfa agebo yb'a shaklo wehsh we keda bas shaklo helw awyy howa momken material msh gamda bas normal ashan l price????,1
??? ?????? ?? ??????? ??????? ?? ??? ???? ??? ??????? ??? ??????? ?? ??? ???? ?? ????? ????? ??? ??? ??????? ??? + ?? ????? ????? ?? ? ?? ???? ????,1
??? ??? ?????? ????,1
?????? ??? ??? ???????,1
???? ???,1
?????? ????? ??????? ?????? ?? ?????? ??????,1
Gamel gddddddn lel s3r,1
???? ???,1
??????? ?? ???,0
???? ?? ????? ???????,1
??????,1
?????? ???? ? ??? ??????,1
????? ??????..,1
?????? ?? ???? ???? ??????,0
??? ????,0
???? ????? ???? ? ???? ???? ?? ?? ???? ????,1
???? ???? ??? ? ???? ??????,1
????? ???? ?????? ?????????,1
?? ????? ????? ???? ????,1
???? ????? ???,1
????? ??? ???,1
"Cheap,  good  but the size  is big.",1
????? ?????,1
???? ???????,1
???? ??? ???? ?????? ? ???? ??? ?????,1
????? ???????,1
???? ?????,0
???? ????? ????? ?? ????? ???? ???,1
Not the best quality,0
????? ???? ???,0
??? ??? ??????? ?????,0
Cheap but good,0
??? ????? ??? ???? ??? ???,1
??? ???? ????,1
???? ????,1
???? ??,1
????? ??? ????? ?  ???? ???????,-1
Nothing,-1
???? ?????? ??? ???? ???????? ???? ??? ???,-1
???? ??? ?? ?? ????? ?? ??????? ???? ? ??????? ?????? ??????? ?????? ??? ??? ?????,1
???????,1
??? ??? ??????? ????? ? ????? ?? ????? ???? ????,1
??? ???? ? ?????,1
The item as seam on picture,1
??? ??? ?? ????,1
??? ??? ??????? ????? ??????,1
?? ????? ???? ???? ?? ???? ????,1
?????? ???? ????? ???? ? ??????,1
???? ?? ?? ????? ??? ?????,-1
??? ?? ????,0
"The leather is a bit weak, it could be easily torn or deformed, but it is in a good shape and I’ve worn it twice and actually made the outfit look so good, and no one imagined it’s price",0
?????? ?? ?? ???,0
Helw 3la ad floso,0
???? ???,0
?? ???? ???? ? ??????? ??????? ?? ?? ???? ???,0
????? ?? ??????? ???? ???? ??? ????? ????,0
?????? ?? ???? ???? ?? ??????? ????? ??? ????,0
????? ???? ???? ??? ?? ??? ? ???  ??? ???? ???????? ???? ?? ??? ????? ????? ????????? ??? ?????? ?? ???????,-1
Perfect,1
Nice boot,1
???? ??????,1
??? ????,1
??? ?? ????? ??? ?????? ?????,1
???? ??? ??????? ?????,1
"??? ???? ???? ??? ?????",1
??? ???? ??,1
?????? ?????,1
??? ??? ?? ?? ???? ???? ?? ???????? ???? ???? ???,1
??????,1
"?????

?????",1
Nice one,1
??? ??? ???? ??????,1
???????? ?????? ????,-1
??????? ???? ????? ? ?? ??? ???? ?????,-1
??? ????? ?????? ????????,-1
??? ??? ?????,1
??? ?? ??????,1
??? ???,1
????? ???? ? ????? ? ?????? ???? ??????,1
??? ???,1
Bad Quality,0
Poor quality and size is smaller than regular size,-1
"???


???? ?? ?????",1
?? ???,-1
???? ???? ?????? ???? ????? ????  ? ?????,1
???? ??? ?? ????? ????,1
????? ?????? ????? ?? ????? ?? ???? ???,1
??? ??????? ???? ?????,1
???? ??? ????,1
Very good boot,1
???? ??? ???? ?????,1
????? ?? ??? ???????? ????,-1
???? ???,1
"??? ?? ??? ????? ?????? ?????",1
?????? ?????? ?????,-1
?? ???,1
???? ????,1
?????? ???? ??????? ???? ???,1
????  ????????????,1
?????? ????,1
??????? ????? ?? ?? ???,0
???? ???? ???? ???,1
Good product,1
???? ???? ????,1
?????? ???? ???? ???? ?? ?????? ?????,1
??? ??? ????? ????? ????? ??? ????? ?????? ?????,1
??? ??????? ????,0
??? ??? ??????? ?????,1
?? ???? ????,1
????? ??? ???? ???? ???? ???? ?????? ?? ? ???? ???? ???,1
????? ??????,1
Cheap price,1
????? ????,-1
???? ???,1
????? ?????,1
???? ?????? ????? ??????? ?????,1
???? ??? ???,1
???? ????? ?? ??? ????? ? ??????? ???? ?? ??? ? ??? ???????? ????,-1
??? ????? ????? ??????,-1
???? ???,1
??? ???,1
???? ???,1
"??? ???

??? ??? ? ?? ??????",1
???? ? ???? ? ???? ???,1
???? ?? ??? ??? ?? ???? ??? ?? ????,0
??? ??????? ?????,0
???? ????? ?? ??????? ???? ????,0
??? ??? ? ???? ????,1
"Good fit, okay quality and looks really nice",1
???? ???? ???? ?????? ??? ????? ?? ?????? ?? ?????? ???? ?? ????,1
????? ??? ??? ???,-1
???? ??? ?? ????,1
I love it,1
???? ???? ????? ??? ??????? ?????? ??? ??????,1
??? ??? ?????? ?????? ??????? ?????,0
??? ?? ??????,0
??? ???,1
??????? ????? ??? ? ???? ???,1
????? ???? ?? ???? ???,1
???? ??? ???,1
??????,1
??????,0
??? ???,1
Nice but the online shop is high,0
????????,1
"??? 

?????",0
???? ????? ? ???? ?? ?????,1
??????? ??????,1
??????,1
Material,1
??? ????,1
Very good,1
???? ????,1
????? ??? ???? ??????,1
Soooooo Good,1
Gooddd,1
??? ???,1
????? ?????,1
????? ????,1
??? ???,1
?????? ??????? ??????,0
???? ????,1
Very Good,1
???? ??? ???,1
??? ? ????,1
???? ????,1
Good product but different colours,1
??? ????????????????????,1
???? ????,1
?????? ?????,1
???? ????,1
"Beautiful, elegant and comfortable.",1
???? ????,1
Really Great,1
??????,1
??????,1
Remarkable,1
Nothing,1
Good matrial,1
?????? ????????,1
?????? ???? ??????? ???? ??????? ???,-1
???? ????,1
????? ???,1
Love it,1
Great quality fit the price,1
"???? ?????? 
???????? ??? ????
????? ????? ?????? ?? ??????",1
???? ????? ?????? ?? ????? ?????? ?? ??????,1
???? ?????? ? ??? ????,1
Very good,1
??? ???? ??????? ? ????? ? ?? ????? ??????,1
Good quality,1
????? ??? ?? ?????,1
?????? ? ?????? ????,1
???? ????? ? ???? ????,1
??? ???? ??????,1
???? ???? ??? ???? ???,1
?????? ??????? ?? ????,1
?????? ?? ???? ???? ???? ???? ?? ????? ??????? ???? ????? ????!,-1
????? ?????,1
?????? ????? ?????????,1
?? ??? ???,1
???? ???? ??????? ?? ???? ???? ???????,1
Good material and finish as a Europe brands,1
???? ??? ????,1
????? ???,1
???? ?????,1
?????? ?????? ??,1
??? ????? ????,1
Amaaaaaazing,1
???? ?????? ????,1
??? ????? ????,1
?????? ??????,1
????? ??? ? ??????? ??????? ???? ????????,1
???? ???,1
Good size,1
??? ???,1
???? ???,1
???? ???? ?????,1
???? ?????,1
"Very nice, perfect price",1
??? ???,1
?????? ?????? ??? ?????,1
??????,1
????? ???? ?? ??????,1
?????? ???? ???????? ??????? ????? ?? ?????? ????? ???? ???,1
??????? ? ???? ???????,1
??? ???,1
???? ???,1
"Good 
Like",1
????? ????? ??????,1
????? ???,1
?????? ??????,1
???  ?????? ????,1
???? ??????,1
??? ???,1
?????    ?????,1
??? ????? ?????? ?????,1
Good product,1
????? ???,1
??? ???,1
???? ?????,1
???? ???? ? ?????? ??????,1
??? ?????,1
???? ?????? ??? ??? ???? ???? ???????,1
??????,1
????? ????. ?????? ???,-1
Very good,1
??????,1
???? ???? ???? ?????,1
????? ???,1
?????? ????? ??????? ????? ???,1
Excellent material from a certified seller,1
????? ??? ??? ?????,1
???? ??? ???,1
???????,1
Awesome,1
?????? ???? ??? ?????,0
????? ????? ????? ?????,1
???? ???? ? ????? ? ????,1
excellent,1
"?? ???? ?????
???????? ?????",-1
Good item,1
????? ???,1
Good material,1
???? ??? ?? ?????,1
I like it so much,1
??? ????,1
???? ??? ????? ?????,1
??? ???,1
?????? ???? ?????,1
??????? ?????? ?????,-1
???? ???? ?????,-1
???? ???,1
???? ???,1
??? ??? ?? ?? ??? ??? ???? ?????? ??? ????,1
??? ???? ????? ????? ???,1
???? ??? ?????? ????? ???? ???,1
???? ????? ????? ??????,1
?????? ???? ? ?????? ???? ? ?????,1
"????? ???
???? ? ???? ? ???? ?????",1
????? ?????? ???? ???,1
????? ?????? ?????,1
???? ???? ?????,1
????? ???,1
???? ???,1
?? ????  ???? ??? ????? ???? ???? ???????,1
All colors were variable and good except one yellow but its oki good product,1
???? ? ??? ?????? ????? ?????,1
???? ???,1
Good product ????,1
????? ????? ??????,1
Yes good,1
Good offer,1
???? ?????,1
???? ???,1
?????? ?????,1
??? ???,1
??????,0
"???????? ????? ??????..
?????? ????? ????? ?????",1
???? ???????,1
???? ???? ????,1
????? ????? ?????,1
???? ????? ?? ????? ????,1
???? ?????,1
?? ???,1
??????,1
Very good product,1
??? ???,1
???? ??????,1
????? ???? ??????? ? ??????  ??  ???? ????? ????? ?? ??? ????,-1
?????? ???? ??? ???? ???????,-1
?????? ???????,1
???? ????? ???????,1
?????? ??????,1
????? ?????? ????? ????? ???? ?????,1
Good and comfortable,1
"????

???? ???",1
??????,1
??? ??????,-1
???? ????? ??? ? ??? ????,-1
??????,1
?????? ????? ???,1
??????,1
???? ????? ???,1
????? ???,1
???????,1
?????? ????? ??????? ?????? ???,1
???? ???,1
??? ???,1
I have received this order before the time it’s really good but the only concern was that there is one out of the 6 items was different size .. my order is Larg and the only one was different is  XXXL,0
.................,-1
??? ????? ????,1
??? ???? ???? ??? ????? ????? ?????? ????,1
????? ???? ????,1
???? ??? ??????,1
?????? ???? ????? ???? ??? ??????? ?????? ?? ??????,0
Nice poxers,1
??? ???,1
??? ???,1
???? ????,1
??? ???? ??????? ???? ?? ?????? ?????  ?? ????? ????? ????? ??? ?????? ??? ??? ???? ?? ???,-1
???? ???,1
??? ???,1
???? ?????,1
????? ??????? ???? ??????? ??????,1
very good quality,1
??? ???,1
???? ???? ?????,1
???? ????,1
?? ?? ????? ??????? ?? ????,1
Good bundle,1
?????? ??????? ????? ????? ?? ?? ????? ?????,1
??? ??????,1
?????? ????? ???????,1
I recommend dice,1
???? ???,1
??? ??? ????? ?????? ???,1
???? ???????,1
?????? ??????,1
???? ?????,1
??? ? ????,1
???? ??????,1
"???? ???  ?????? ????? 

.",1
??? ???,1
?????? ???? ???? ?? ???? ???????? ????? ??????? ?????,1
???? . ......   ....,0
???  ???,1
??? ?????,1
????? ??????,1
???? ? ???? ??????,1
????? ?????? ????? ????? ???,1
Perfect,1
???? ??????? ???? ????? ???????? ??????,1
????? ???????,1
????? ???,1
???? ???,1
?????? ????,1
quality,1
?????? ???? ??? ?????? ?????? ????? ???,1
??????? ????,1
???? ???,1
?????? ??????,1
?? ??? ??? ????? ?? ??????? ????? ???,1
??????? ?? ?? ????,1
????? ???,1
???? ????? ????? ??????,1
???? ????? ???,1
???? ????,1
Very good offer,1
??? ?????,1
????? ???,0
???? ????? ??????? ????,1
???? ?????? ???,1
????? ?????? ???? ???? ???,1
???? ??????,1
??? ???,1
?????? ??????,1
?????? ? ???? ????? ????,1
?? ????,1
?????? ???? ?????? ???? ???,1
??? ???,1
??? ?????,1
????? ?????,1
?????? ????,1
very good material,1
??? ?????,1
??? ???,1
?????? ?????? ? ????? ?????,1
??? ??? ??????,1
????? ?????,1
??? ???,1
???? ????? ??????? ???? ???????? ?? ??????,1
???? ?????? ???,1
???? ????,1
???? ??????,1
???? ?????? ?? ?????? ??????? ???? ??????? ?????? ??????,1
????? ??? ?????? ??????,1
???? ??????,1
????? ??? ?? ??????? ????? ?????? ?? ??? ?? ??????,1
?????? ??????? ??? ???,1
??? ???,1
Great quality,1
????? ??????,1
???? ??????,1
???? ??? ? ???? ??????,1
?????? ??????,1
????? ???? ????,1
???? ??????,1
???? ???,1
???? ???? ????? ?????,1
???? ????? ????? ??? ????????? ??????,1
????? ??? ????? ??????? ???? ?? ????? ?? ?????? ??? ?? ???? ??? ???? ???? ???? ?????? ?????,1
???? ???? ?????? ??????,1
???? ?????? ????? ????????? ?????? ???,1
?????? ???? ?? ?????? ????,1
???? ???? ???? ?? ??? ????,1
?????? ???? ????,1
?????? ? ????? ??????,1
????? ??? ?????? ??? ?? ??? ?????,1
?????? ????,1
????? ?????? ?? ??? ????? ??? ?? ?? 6,1
??? ??? ????,0
?????? ????? ??? ????? ???? ???? ?????,1
"?????? ?????? ???? ????? ??? ?????? ?????? ????? ?????",1
Good quality,1
Comfortable,1
As expected,1
?????? ??? ?? ??????,-1
????? ????,1
??? ?? ??????? ?????? ???? ???? ?? ???,1
???? ????? ????? ?????,1
???? ???? ?????,1
?? ?????? ????? ????,1
Very good,1
Exhalent quity,1
???? ??? ???? ?????,1
As described,1
??????? ????,1
Same as described very good product,1
?????? ??? ???? ??????? ???????,1
?????? ??? ???? ??????? ???????,1
???? ?? ???? ???,1
???? ????? ????? ???? ???????,1
?????? ????,1
???? ????? ??? ?????? ??? ???? ?????,1
??? ???????,-1
???? ??????,1
???? ?????,1
????? ?? ??????,1
?????? ???? ???????? ?????,1
???? ????? ????? ?????? ?????? ????,1
????? ????? ????,1
???? ???,0
??? ????? ????? ????? ???,1
.......,1
????? ?????,1
???? ???? ???? ????,1
???? ????,1
????? ???,1
??? ?? ????? ???????? ?? ????? ?? ?? ?????? ?????? ????,1
High Quality,1
????? ??????? ??????,-1
????? ???,1
???? ???? ???? ???? ????? ?????,1
???? ??????,1
"????
???",1
????Goood,1
???? ???,1
"??? ??? 
????  ?????? ???",1
???? ??????,1
??? ???,1
?????? ????,1
???? ???,1
Excellent,1
??? ???,1
???? ???,1
V Good,1
????? ????,1
???????,0
??? ???,1
?????? ???? ??? ? ??????? ???? ???? ?????,1
???  ???,1
??????? ????? ???,1
?????? ???????,1
??? ???,1
???? ???,0
?????? ??? ???? ??? ????? ??????? ???? ???????? ?? ?????? ???? ?????? ??? ?? ????? ??? ??? ???? ?? ????? ??? ????? ???? ????? ???? .....???? ????????,1
????? ????? ??????? ????,1
????? ???? ????? ??????,1
???? ??????,1
???? ?????????,1
?????? ??????,1
???? ??????,1
Best boxers,1
??? ????,1
???? ?????,1
???? ???? ?????? ?????,1
???  ???,1
????? ???,1
I received another product not same quality and not as chosen colors,-1
Could be better with a better rubber,1
Very good,1
Not the best quality,0
Beautiful,1
??? ??? ??? ?? ????? ??? ????? ????? ?????? ???? ?? ?????? ?????,1
???? ???? ???,1
??????,1
??? ??? ?????? ??????,1
??? ???,1
????? ?????,1
Good quality and price,1
Good item,1
???? ???? ??? ??????? ??????? ??????? ????,1
?????? ????,1
????? ??????,0
??? ??? ????? ??????? ????? ?????? ????? ?????,1
??? ??? ????? ??????? ????? ?????? ????? ?????,1
????? ?????? ?????? ?????? ????? ?????? ???????? ???? ??????? 5% ???? ?? ???????,0
???? ? ???? ????,1
good product,1
??? ???,1
??? ?????? ???? ?? ?? ??? 2,1
????? ?? ?????? ?? ??? ??? ??? ?? ??? ????? ??? ???,-1
?????? ???? ??????? ?????,1
???? ???? ?? ???? ?????? ??????? ??? ?? ????? ????? ? ?? ?????? ????,1
??????? ??????? ????? ???? ?? ???????,0
??????? ??????,1
????????,0
???? ??????.. ?????? ?????,1
????? ???,1
?????? ????,1
???? ??????,1
??? ???? ????? ?????,1
???? ???? ????? ????? ??? ???? ???????,1
???? ????? ..???? ??????? ????? ???? ???????????? ???????? ????,1
?????? ?????? ??? ??? ?????? ????,1
???? ??? ???,-1
???? ? ???? ... ???? ?????? ? ???? ???? ?? ?????? ????,1
?????? ???????? ???????? ????? ???? ?????? ???????,1
???????  ????  ??? ??????,-1
??? ???,1
???? ??????,1
????? ???,1
??? ?????,1
?????  ???? ??  ??????,1
???? ??????,1
?????? ????? ????? ??????,1
???? ????,1
????? ?????,1
??? ? ??????? ??????,1
?????? ????? ???? ?? ??????? ??? ?????? ?????,1
?????? ????,1
?????.....,0
???? ????? ?????,1
?????? ????? ??? ?? ??? ???? ???? ?????? ???? ??? ???? ??????,1
"The package is 6 boxers, some of them are very good for size and material and some are tight and not the same material.",0
????? ?????,1
???? ??????,1
???? ??? ?? ??????? ?? ???? ????? ??? ???? ??????,1
?????? ???,1
Think you,1
???? ??? ?????,1
???? ???,1
???? ????? ?????? ???????? ???????? ?? ??? ?????,1
?? ????,1
???? ? ??? ?? ????? ???? ? ?????? ?????,1
Good item,1
??? ??? ????? ????,1
?????? ??????? ????? ???????? ????? ????? ???,1
?????? ???? ??? ? ???? ???,1
?? ????? ???????,1
???? ????? ????? ??????? ???? ????? ?????? ???? ??? ???? ???? ?? ???? ?????,-1
???? ??? ???? ?????? ??? ????? ?????? ????? ???,0
As I expected quality is awesome.,1
???? ???? ?????? ????? ?????????,1
???? ?? ???,1
???? ???,1
??? ?????,1
??? ??? ?? ??????? dice,1
Fantastic ????????????,1
very good,1
??? ??? ?????? ????,1
????? ???,1
?????? ?????,1
???? ????,1
???????,1
??? ???? ?????,1
????????,1
??? ???,1
???? ????,1
wooooooow,1
"?????? ?????? ???????? ????? ????? ??????? ?? ???? 
????? ???? ?? ?????",0
???? ??????,1
???? ????? ? ????? ??? ??? ???????? ?? ?? ?????? ?? ???? ???? ???? ???? ?????,1
???? ????? ?? ?????? ?? ????? ?????? ?????? ?????? ????? ?? ????? ?? ?????? ?????? ???? ????,1
??? ????,1
???? ??? ????,-1
?????? ???? ??? ???? ??????? ?? ?????? ??? ??? ???? ????? ??? ??? ????? ?????? ?? ????? ???,1
???? ???? ?????? ?? ???? ?????,1
???? ???? ?? ?? ????? ???????,1
???? ???,1
???? ?????,1
???? ?????,1
?????? ???,1
Very nice,1
????? ???? ????? ??? ??????? ?????,1
???? ???????? ????? ?????? ????,1
????? ????? ???,1
Good one,1
good product,1
??? ???,1
???? ????????,1
????? ???,1
Thanks for service,1
???? ??? ?????? ????????? ???? ?????? ???? ????,1
?????? ??? ???,1
???? ???,1
???? ????? ??????? ?????? ?? ????? ?????,1
Perfect,1
???? ????????? ???? ?? ??????? ???? ????,1
"?????? : ?????? 6 ??????? ????? ???? ???????? = ?????
??????? = ??? ???????",1
?????? ???,1
???? ?????? ?????,1
??????? ?????? ??????? ????? ?????? ?????,1
?????? ????? ? ???? ?????,1
Awesome,1
Good material,1
??? ??? ??? ? ???? ?????,1
Good quality,1
??? ????? ???? ???? ??????? ??? ???????? ????????,1
??? ???,1
??? ???,1
??????? ???? ?????? ?? ?????? ?????,-1
???? ??? ???,1
very comfortable,1
???????? ??????? ??? ??????? ??????,1
It is very comfy,1
???? ???? ??? ??? ????? ???? ??? ????,1
Good ????,1
????? ?????? ???,1
???? ????? ??? ?????,1
???? ?????,1
???? ?????,1
?????? ???? ???? ?????? ???,1
???? ????? ?????? ???? ??????,1
???? ???,1
????? ???,1
Very Soft,1
"???????? ???? ???? ???? ?? ???????? ?????? ?????? ?????????? ???? ???????
??????? ????? ??????? ??? ??? ??? ??? ?????? ??? ??????? ???? ??? ?? ????",-1
?? ??? ?? ????? ? ???????? ?? ?????? ??? ????? ??????? ? ???? ????? ? ???? ????? ???? ????,1
?????? ??? ???????? ?????,1
?????? ?????? ??? ?? ???? ??????? ?? ?????,1
?????? ? ??????? ??? ?????? ? ????,1
??? ???,1
????? ????,1
????? ? ??????,1
??? ??? ???? ?????? ?????? ?? ??????? ? ????? ??????,1
Nice quality,1
?????? ?????,1
??????? ?????? ????? ?? ?????? ??????,1
????? ???,1
????????? ????? ???? ??????? ??? ??? ????,-1
??? ?????,1
?????? ???? ????? ?????,1
???? ??? ???? ????? ??? ?????? ???? ????? ????? ?? ?????,-1
?????? ???? ??????,1
??????? ?????? ?? ???? ?? ??????,1
???? ???,1
????? ???? ?? ???????,0
???? ????? ??????,1
???????? ????? ???? ???,-1
???? ???? ??????? ??? ???????? ?????,1
???? ??? ??? ????? ????? ??????? ?? ??????? ?? ??????,1
??????,1
???? ??????,1
??????? ?????,1
????????,1
???? ??????,1
?????? ??????,-1
?? ???????,1
????? ??? ?????????? ???,1
??? ????,1
????? ????? ??? ??? ???? ???? ?????? ???? ????,-1
????? ???,1
??? ?????,1
very good,1
????????,1
Really good,1
??????? ??? ???? ?? ????? ????? ??? ?????? ??????? ???? ?? ????,0
?????? ????,1
???? ??????,1
????? ?????? ??????? ?????,1
"Durable, value for money",1
v good,1
??? ????? ???????,1
??? ???,1
Perfect,1
????? ?????,1
??????? ?????? ????? ???? ??? ? ??? ?????? ?? ? ? ??? ? ???? ???? ??? ???? ???? ???? ?? ??!,0
???? ????,1
???? ????? ????? ????,1
Good matrial,1
Reasonable  price good offer and variable  colors,1
???? ????? ??????? ???? ???????? ???????? ??? ???? ?????? ?????,1
??? ??????? ????,1
????? ???,1
???? ?????? ..,1
?????? ????,1
???? ????,1
??? ???? ?????? ?? ???????,0
?? ???? ??? ??????,1
???? ????,1
??? ???,1
??????? ?????? ???????? ????,1
?????? ?????,1
??? ?????????,1
There are two with different material,1
"??????? ?????? ?? ?????? ???? ????? ??? ???
???????? ??? ????? ????? ???
??? ?????? ???? ?????? ?????
??? ?????? ???? ?? ??????? ????",1
??????? ??????? ?????,1
???? ??????,1
????? ???,1
??? ???,1
??????? ????? ??? ??????? ????? ???? ??? ???? ?????? ?? ????? ???? ??????? ??? ???? ???????? ?? ???? ???????? ??? ?? ??????? ????? ??????? ???? ???? ????????? ????,1
???? ?? ????? ??????? ?? ?????,1
??? ????,1
"????? ????? ?????? ???? 
???? jumia",1
???? ??????? ????? ????,1
??? ???,1
???? ???? ?????? ????,1
???? ???,1
???? ??????,1
????? ???,1
???? ????? ? ????,1
??? ??? ????,1
?????? ?? ???? ???? ?? ??? ? ??? ????,0
??????? ????..,1
Great Material.. Very comfy,1
?????? ???? ?? ??????? ?? ?? ??? ?? ?????? ???????,1
???? ??????? ???? ????,1
??? ?????,1
?????? ??? ???? ???? ???? ? ????,0
???? ???,1
Shipped on time without any problems,1
??? ???,1
??? ?????? ??????? ??? ????,-1
??????,1
????? ? ??????? ??? ????,1
?????? ???????,1
?? ???? ??? ?????? ?? ???? ??? ????,0
?????? ???? ??? ???????? ??? ?????,1
?????? ???? ??? ???????? ??? ?????,1
???? ????? ???,1
?? ???? ???? . ?? ???? ????? ??????? ??????,1
Good @@@@,1
?? ??? ??? ?? ?? ????? ?? ?? ??? ??? ??? ????? ?? ??? ? ??? ??? ? ???????? ???? ???? ???? ????? ??? ?????? ???? ??? ??? ???? ?? ????? ?? ? ??? ?? ??? ?? ?? ?? ??? ? ??? ????,1
Good material,1
??????,1
???? ?????? ????,0
????? ???,1
?? ????,1
??? ????,1
???? ???? ??????? ??????,1
????? ???? ?? ??? ??? ???? ?? ????? ?? ??????? ?????? ??? ? ????? ? ???? ? ???? ??? ??????? ????? ????,0
be sure to order 2 sizes larger...,0
Perfect,1
???? ?????,1
Quite thin but the material is safe and comfortable,0
?????? ???? ??? ???? ??????? ???? ?? ???????? ?????? ??? ?? ??????? ???? ??????? ?????,0
????? ? ???? ?????,1
????? ??? ? ??? ????? ???? ??? ?? ???,1
???? ??? ????? ???? ??????? ?????,1
???? ????,1
"????? ???? ?????
???? ??? ?????? ?????? ??????? ?? ???? ???? ?????? ??? ?????? ?? ????? ???? ?????? ????????? ?? ????????? ??? ?????
???? ????? ????",1
?????? ??????? ??????,1
?????? ????,1
??? ???,1
??? ?? ???? ??? ????? ??????,1
???? ???,1
?????? ???? ? ????? ??? ???? ????? ?? ????????? .,0
????? ???,0
?????? ???? ??????? ?????,1
??? ????? ?????,0
????? ????? ???????? ???? ??? ??????? ???? ????? ?????? ????? ?????? ?????? ???? ????? ???? ??? ????? ???? ????? ?? ??? ?????? ???????,-1
??? ???,1
?????? ??? ???? ???? ???? ????????,1
?????? ???? ?????,1
???? ???? ???? ???,1
??????  ?? ???? ???????,0
??? ??????? ?? ?? ???? ?? ????? ??? ????,1
????? ???? ????? ?? ??? ??? ???????? ?? ???? ????????????????,1
?????? ????????,1
?????  ???? ?? ?? ????,0
As described,1
???? ????? ???? ?????,1
?? ??????? ???? ????? ?? ???? ?????? ??? ?????? ??? ???????? ??????? ???? ??????? ??? ????? ???? ????? ?? ???.???,1
????? ??? ???? ?? ?????,1
the quality not very good,0
??????? ?????? ?? ????? ??? ??? ?????? ????? ??????? ?????,1
?????? ???? ??? ????? ???????? ?????,1
????????,1
????? ?????,1
???...,1
?? ????? ????? ????? ??? ???? ????? ???? ???? ??????? ?????,1
???? ?????,1
Very good,1
???? ????? ???? ???? ????? ?????,1
???? ?????,1
??? ???? ??? ????,1
????? ????,1
???? ????,1
???? ?????????,1
Delivery and material is perfect,1
???? ????????,1
?????? ????? ?????? ?????? ?? ??? ?? 6 ? 160,1
??? ?????,1
???? ???? ???,1
"Good price
Good quality
Good size
The only thing is the colors are repeated",1
???? ?? ??????? ????,1
???? ???,1
????? ????,1
i like it a lot very good quality and very fast delivery with a great delivery man,1
Not original like at store????,-1
6 ????? ?????? ????? ????,1
??? ????? ?????,1
???? ??? ?????,1
Very good product,1
?????? ????? ??? ??????? ?? ????  ???? ?? ????? ??? ?? ????? ??????,1
????? ????? ????,1
???? ?????? ????? ??? ????? ????? ????? ?? ??????? ????,1
Very good,1
???? ??????? ???????? ????? ??? ????,1
"?????? ?????? ??? ??????? ????? 
??????? ? ??????? ??????",1
"?????? ??? 
?",0
????? ??????? ?????,0
??? ???? ???? ????????? ? ??????,1
??????,-1
?????? ????,1
????????? ???? ??????? ??????,-1
I didn't get the same colors though.,1
??????? ? ??????,1
???? ??? ????? ???? ??????? ?????? ???????? ???????? ????,1
??????,1
???? ??? ???,1
Good compared with price,1
???? ????? ????? ???,1
????? ?????? ???? ?? ????????,1
",,,,,,,",1
?? ?????,1
excellent materials,1
??? ???,1
"????????  ??  ???  ?????  ??? 
???? ????? ???  ???? ???????  ??  
 ????",1
??????? ???? ????,1
???? ?????? ????? ????? ??? ???,-1
?????? ????????,1
???? ????? ????? ?? ????? ????????? ??????,1
???? ?? ?????,1
"?????? ???? ??? ???? ?? ????? .. ?? ???? ????? ???? ????? ?????? ?? ?? ?????? ??????? ??? ?? ?????? 
?? ????? ?????? ????? ?????",1
??? ????? ????? ???? ????,1
???? ???,1
"??????? ????? ?? ???  
??????????? ?? ?????? ?????????? ???? ??? 
???? ????",1
"??????? ????? ?? ???  
??????????? ?? ?????? ?????????? ???? ??? 
???? ????",1
??? ???????? ?????,1
????????,1
???? ????,1
"????? ????? ?????? ????? ?? ???? ???? .. ??????? ???? ??? ??? ?????? ?? ?????? ?? ????? ????? ??? ?? ?????.

????? ??? ??? ??????? ?????? .. ???? ??",1
Very good material,1
??????? ???,1
????? ???,1
?????? ????? ?? ????,0
?????? ????,1
?????? ?????? ?????? ?????,1
??? ????? ???????? ??? ????? ??? ??? ??? ???? ??? ????????,1
??????? ??????? ???? ??? ??,0
???? ?????? ?? ??? ????? ? ??????? ??????? ???? ????? ?????? ?? ??? ???? ?????,1
???? ????,1
???? ?????,1
Good very,1
???? ????? ?????? ?????? ???? ???? ?????? ???????,1
???? ??? ???? ???? ??????? ????? ????? ????? ?????? ?????,1
??????? ?????? ?????,1
???? ????,1
???? ?????,1
???? ?????,1
?? ??????? ?????? ?????? ?? ???,1
?????? ?????? ????? ????? ????? ???? ???? ?? ????? ?????? ?? ?????? ?????,-1
???? ????? ????? ??????,1
?????? ????,1
Very good ????,1
???? ??? ???,-1
Good comparing the price,1
"Comfortable, and great value for money",1
??????? ?? ???? ?????? ?? ??????,0
?????? ?? ????? ?????,-1
???? ????,0
??? ?? ??????? ????,1
?? ???? ???????,1
???? ?????,1
??????,1
??????? ????? ???? ??????? ???????? ? ???????,1
?????? ??? ??????? ?? ??? ???,1
???? ????? ????? ??? ??????? ??????,1
Excellent,1
???? ?????? ??????,1
"Perfect material,  reasonable price  and good material",1
????? ? ???? ????,1
Size was perfect,1
?????? ?????? ? ??? ?? ???? ?????? ????? ????,0
???? ????,1
???? ????? ???? ??,1
??? ?????? ??? ???? ????? ?? ?????? ?? ??? ??? ?? ?? ???? ?? ????? ???? ? ??? ?? ???? ??????? ???? ?????  ??? ?? ??? ??,0
????? ???? ??,1
Very Good,1
???? ????? ???? ???,1
???? ???? ??? ?????? . ???? ???? ????,1
???? ????,1
???? ????? ?????? ???? ???,1
Excellent,1
????? ???,1
?????? ?????,1
???? ???,1
???? ????? ? ?????? ????? ???? ????? ???????,1
???? ?? ???,1
???? ???,1
?????? ???? ?? ??????? ??????,1
Very good quality and price,1
Good price,1
???? ???,1
?????  .  ..,1
Fabric material and fast shipping,1
???? ??????,1
?????? ???? ???? ???,1
??????? ??????,1
???? ??? ??????? ????? ????,1
???? ???? ????? ????? ???,1
"?? ???? ????? ??????? ???????? ?? ??? ?????? ???????? ???????? ? ?? ??? ?????? ????? ?????",1
???? ???? ??? ????? ?????? ??? ???? ?? ?? ?????? ???? ???? ??? ????  ?????,1
???? ??? ??? ????? ??? ???? ???????,1
???? ????,1
???? ???,1
Perfect,1
?????? ???? ???,1
????? ???,1
?? ??? ???????,0
?????? ?????? ????? ??? ????? ?? ??????? ???????? ????? ????? ???? ?????,1
????? ????? ???,1
Perfect,1
????? ? ???? ??????,1
???? ??? ????,1
??? ???? ?? ?????? ???????? ??????? ?? ??? ?????? ??????? ????? ?????? ???? ???????,1
"?? ???
?????? ??? ???? ? ??????? ??? ?????",-1
??? ???,1
?? ?????? ???? ????? ??????,1
?????? ??? ?????? ???? ???? ????,1
I bought it for my brother and he likes them very much it was such as described high material but only one issue there weren't  the same colors,1
???? ?????,-1
??? ?????? ???? ?????,1
????? ????? ?????,1
good product,1
????????? ??? ???????? .. ???????? ???? ???,1
Fast service,1
......,-1
??????? ????? ????????,1
???? ?????,1
Colors,1
???? ??????? ???? ??? ????? ????? ???,0
???? ?????,1
6?????? ???? ?????,1
I like it,1
???? ????? ?????,1
??? ??? ???? ???? ????,1
???? ?????? ?? ??? ???? ?? ????? ???? ??? ?? ?? ??? ????? ???????,1
?????? ?????? ?????????,1
?????? ?????,1
???? ???,1
too tight,-1
???? ???,1
Very good,1
???? ???? ?????,1
??? ???,1
??? ???,1
???? ?????? ????? ???,1
???? ??????? ????,1
??? ???????? ?????,1
??? ???? ????? ???? ???? ???? ??? ??? ?????,1
??? ?? ??? ???? ??????? ??? ??????? ???,1
????? ??????,1
???? ??????,1
???? ?????? ?? ???? ??? ?????,1
??????,1
"??
????? ??? ???? ???? ????",-1
????? ??? ?? ?????? ?????,1
Good product,1
????? ?????,1
Good..,1
???? ? ????? ????,1
"???? ?????? 
?????? ???? ???",1
Good quality,1
????? ???? ???? ?????,1
???? ??????? ?????? ?? ?????? ??? ????? ??????? ?? ???????,0
I really like them,1
??????? ??????? ????,1
????? ???,1
My husband like them!,1
???? ????,0
????? ????? ?????? ???? ?? ??????? ? ??????? ??????,1
?????? ???? ???? ???? ????,1
???? ????,1
??? ?????,1
???? ? ???? ?????,1
???? ????,1
????? ?????,1
??? ???,1
Good product,1
Excellent quality,1
?????? ?????? ??????? ????? ??? ???? ????,1
my favorite,1
???? ???? ?? ???? ???? ????? ?? ????? ????? ??????? ???????? ?? ??? ??????,1
???? ???,1
?????? ?????? ????? ????? ???,1
??? ???,1
?????? ??? ????? ????? ?????? ??????,1
?????????,1
?????? ??????,1
??? ???? ?????? ????? ?? ???????,1
??? ???,1
???? ???,1
???? ????,1
Elastic and good.,1
very good,1
???? ??????? ??????,1
??? ?? ???????,1
???? ???,1
Thanks it is the same as described,1
??? ???? ????,1
Authentic  product.,1
??????? ? ??????,1
Thanks the price is perfect,1
???? ??????,1
???? ??????,1
??? ?? ??????? ??????,1
??? ???,1
"??????? ??? ?? 
???? ??? ????? ???????",0
???? ???,1
???? ????? ???,1
Excellent Service,1
?? ??? ?? ???? ?????? ????? ???? ???? ?? ??????? ???? ????? ?? ????,0
?????? ????? ?? ?? ????? ?? ??????? ??????? ????,1
???? ?????,1
????? ???,1
???? ?????,1
???? ???,1
????? ???,1
??? ???? ??? ???? ?????,1
?????? ???,0
Very good,1
?????? ??? ???? ??????? ???????? ?????? ?????? ?? ???????,0
??? ?????,1
?????? ???? ?????,1
???? ???? ??????,1
??????? ?? ???????,1
???? ????? ????? ??????? ???? ???,1
???? ?????? ???? ????? ??? ?????,1
???? ???,1
??? ???,1
Perfect,1
?????? ???? ??? ???????? ?????? ??????? ????? ??? ??? ???? ?? ???? ????????,1
???? ????,1
??????? ??????? ????????????,1
"Good material, 100% cotton",1
?????? ??? ???,1
??????? ????,1
??????? ?????? ????? ??????,-1
???? ???? ??? ?????? ????? ?? ???? ?? ?????? ?? ???????,1
???? ????,1
??? 95% ?????,1
Very good,1
????? ????,1
i liked the service of delivry and the item,1
????? ???,1
???? ??????,1
?????? ???? ?? ?????? ????????,1
"?????? ????? ?????? ??????? ?? ??? ??????? ???????

??? ?? ??????? ??? ?????? ???????",1
???? ??????? ?????,1
???????? ?????? ? ?????? ????? ? ?? ???? ?? ?????? ??????,1
But Kindly consider the colors,1
???? ????,1
???? ?????,1
??????? ??? ??? ?? ????? ????? ????,-1
???? ??????,1
????? ???? ???? ?????,1
???? ?????? ???,1
??????? ?? ??? ?????? ???? ???? ???? ???? ?????,1
???? ??? ???? ????,1
???? ??? ????,-1
???? ?????,1
???? ????? ?????,1
?????? ?????,1
??? ???? ????? ???????,1
???? ???,1
???? ???,1
?????? ????? ?? ???? ? ????? ?????? ? ?????,0
???? ?????? ???? ?????? ?????? ?? ??????? ??????,-1
??? ???,1
"????? 
???? ??? ???",1
?? ????? ?????? ? ?? ???? ?????,0
???? ?????,1
"Product is worth it, the delivery was really fast",1
???? ???,1
???? ?????,-1
???? ??? ??? ???,1
??? ?????,1
???? ?????? ? ?????,1
???? ????,1
???? ???? ??? ?? ?????? - ???? ????? - ????? ?????  ???? ?????,1
???? ????? ???? ????? ???? ?? ????? ????? ???? ???? ????? ?????? ???,1
???? ???? ? ??? ???,1
??? ???? ????? ?? ??????,1
???? ????? ??????? ?? ?? ?????,1
???? ??? ???,-1
"???? ???? ????? ?? ??????? 
???? ?????",1
???? ????? ???? ???,1
??? ???,1
??? ????? ??? ???,1
??? ????? ?????? ?????,1
??? ???? ?????? ?? ?? ???,1
???? ?????? ??? ??????,1
??? ?? ?? ???,0
????? ? 3 ???? ???????? ?????? ???? ??????? ??????? ??????,1
???? ? ???? ??????,1
??? ???,1
???? ????? ?????,1
"?????? ??? ???? ????? ???? ??????? ??? ???????? ???? ?????? ??? ?? ??? ??? ?????? ?? ????? 
?? ????? ?????? ????? ?????",1
??? ??? ? ????? ??? ??? ??? ????? ?????? ???? ????,-1
??? ???  ???? ??????? ?????,0
???? ?????? ????? ?????,1
????? ???,1
???? ?? ????,1
I'm usual on buying such a product cuz I know it's quality.,1
???? ???? ????? ?????,1
?????? ??? ??? ??? ???? ?????? ?? ???? ??????? ??????? ????? ???????,0
??? ??? ??????? ?????,1
??? ??? ???,1
Good quality and good price as well as fast delivery.,1
?????? ???? ????? ???????,1
??? ??????,1
????? ???,1
????? ???,1
???? ???? ? ??? ? ??? ??? ? ???? ????? ? ????? ?? ???????,1
??? ???,1
???? ????? ??? ?????? ?????,1
???? ????? ?? ???????,-1
???? ????,1
Thanks to Jumia for the good purchase process,1
????? ??? ,1
"???
??????? ? ??????  ?????",1
???? ???? ??,1
Good,1
?????? ????? ??? ????????? ??????,1
?????? ????? ???? ???? ????? ?????,1
???? ????,1
?????,1
??????? ???? ??? ?? ??????,0
good bargain,1
"VERY GOOD 
same as expected",1
???? ???? ???,1
???? ??? ????? ?? ????? ,1
"Tight in leg and comfort in the middle, good one.",1
???? ???? ???? ?????? ?? ???? ??? ????? ???????? ??????? ???? ????? ??? ????? ?????,0
?? ??? ????? ? ??? ?????? ????? ?????? ,0
???? ????? ? ???? ?? ???????,1
????? ?? ???? ????? ????? ?????? ?????? ?? ????,-1
??????? ?? ????? ,1
??????? ???? ??? ? ????? ????? ?? ??? ?? ????? ?? ?? ??????,-1
?????? ????,1
???? ??? ???? ????? ?????? ?????? ?????48???? ???????? ???? ??? ??? ??????? ???? ?????? ????? ?????,1
??? ???,1
"???? ????? ? ???????? ? ??????? ? ??????",1
???? ??? ????? ??????,1
??? ??? ?????? ?????,1
very high quality product with great price,1
???? ????,-1
???? ????,1
????? ???,1
nice colors and materials,1
???? ???? ?? ?????? ???????,1
 ??????? ???????? ???????? ?? ???? ????? ????? ????? ???? ???? ????? ??? ??? ????? ,0
